epoch,training_loss,eval_loss,learning_rate
1,3.3859787521362303,2.3684506146412976,1.6848875696341184e-05
2,1.800630041885376,2.185080652930987,6.0221708375608e-06
3,1.4129854326248168,2.171820595900646,9.732927222549376e-11
